[{"countryname":"Netherlands","saltconsumption":136.51093999999998},{"countryname":"Canada","saltconsumption":28.721923999999998},{"countryname":"United Kingdom","saltconsumption":824.3364669999954},{"countryname":"United States","saltconsumption":1681.9788339999984},{"countryname":"Australia","saltconsumption":446.0657169999999},{"countryname":"France","saltconsumption":26443.692418346225},{"countryname":"Germany","saltconsumption":2079.3005369999896},{"countryname":"Spain","saltconsumption":1820.0132807139894},{"countryname":"South Africa","saltconsumption":4.801759999999999}]